嘟嘟房,https://autopass.app.link/RSnJmkBJS8
台灣聯通,https://autopass.app.link/cjlyVB4fW8
ViVi Park,https://autopass.app.link/YmNXlJbgW8
嘟嘟房、台灣聯通,https://autopass.app.link/cjlyVB4fW8
嘟嘟房、永固便利,https://autopass.app.link/TURMrbJgW8
台灣聯通、ViVi Park,https://autopass.app.link/ojkvF9PgW8
嘟嘟房、台灣聯通、永固便利,https://autopass.app.link/O9c8TS6gW8
嘟嘟房、台灣聯通、ViVi Park,https://autopass.app.link/99boj0ehW8
嘟嘟房、台灣聯通、福慧網,https://autopass.app.link/mi1NuWghW8
嘟嘟房、永固便利、詮營,https://autopass.app.link/T3x84ujhW8
嘟嘟房、永固便利、叭叭房,https://autopass.app.link/VXDSNhlhW8
台灣聯通、永固便利、ViVi Park,https://autopass.app.link/Xy20rxnhW8
嘟嘟房、台灣聯通、永固便利、詮營,https://autopass.app.link/Hz8CyEphW8
嘟嘟房、台灣聯通、永固便利、ViVi Park,https://autopass.app.link/1FW06hrhW8
嘟嘟房、台灣聯通、永固便利、福慧網,https://autopass.app.link/4zEbv0thW8
嘟嘟房、台灣聯通、詮營、ViVi Park,https://autopass.app.link/K0G9DOvhW8
嘟嘟房、永固便利、ViVi Park、福慧網,https://autopass.app.link/JtQ2vkxhW8
嘟嘟房、台灣聯通、永固便利、詮營、ViVi Park,https://autopass.app.link/9DpSMUzhW8
嘟嘟房、台灣聯通、永固便利、詮營、福慧網,https://autopass.app.link/wIERF6BhW8
